{
  "setting": {},
  "condition": {
    "plugin": {
      "list": []
    },
    "game": {
      "list": []
    },
    "gamePlugin": {
      "list": []
    },
    "miniprogram": {
      "list": [
        {
          "name": "pages/arrangement/arragement",
          "pathName": "pages/arrangement/arragement",
          "query": "",
          "scene": null
        },
        {
          "name": "pages/index/index",
          "pathName": "pages/index/index",
          "query": "",
          "scene": null
        },
        {
          "name": "pages/competitionDetail/competitionDetail",
          "pathName": "pages/competitionDetail/competitionDetail",
          "query": "",
          "scene": null
        },
        {
          "name": "pages/teamDetail/teamDetail",
          "pathName": "pages/teamDetail/teamDetail",
          "query": "",
          "scene": null
        },
        {
          "name": "pages/com-standalone/com-standalone",
          "pathName": "pages/com-standalone/com-standalone",
          "query": "",
          "scene": null
        },
        {
          "name": "pages/createGame/createGame",
          "pathName": "pages/createGame/createGame",
          "query": "",
          "scene": null
        },
        {
          "name": "pages/createTeam/createTeam",
          "pathName": "pages/createTeam/createTeam",
          "query": "",
          "scene": null
        }
      ]
    }
  }
}